{"cameraMode":{"drawMode":0,"name":"Shaded","section":"Shading Mode"},"sceneLighting":false,"audioPlay":false,"sceneViewState":{"showFog":true,"showMaterialUpdate":false,"showSkybox":true,"showFlares":true,"showImageEffects":true,"showParticleSystems":true},"in2DMode":false,"pivot":{"x":-2.2731971740722658,"y":1.5378754138946534,"z":-2.017011880874634},"rotation":{"x":0.2357095181941986,"y":-0.264205664396286,"z":0.06675997376441956,"w":0.9328365921974182},"size":7.192004203796387,"orthographic":false}